{
  "model/models-dbg.js": 1746440199587,
  "controller/App.controller.js": 1746440199587,
  "formatter/formatter.js": 1746443294779,
  "controller/Main.controller.js": 1746539562222,
  "controller/Detail.controller.js": 1746541165036,
  "model/models.js": 1746440199587,
  "xs-app.json": 1746615750026,
  "manifest.json": 1746610891353,
  "Component.js": 1746440199583,
  "controller/Detail-dbg.controller.js": 1746541165036,
  "controller/Detail.controller.js.map": 1746615756204,
  "formatter/formatter-dbg.js": 1746443294779,
  "formatter/formatter.js.map": 1746615756202,
  "controller/Main-dbg.controller.js": 1746539562222,
  "controller/Main.controller.js.map": 1746615756203,
  "controller/App-dbg.controller.js": 1746440199587,
  "controller/App.controller.js.map": 1746615756202,
  "i18n/i18n.properties": 1746440199587,
  "model/models.js.map": 1746615756205,
  "Component-dbg.js": 1746440199583,
  "Component.js.map": 1746615756208,
  "Component-preload.js": 1746615756321,
  "Component-preload.js.map": 1746615756321,
  "view/Main.view.xml": 1746552631837,
  "view/Detail.view.xml": 1746442600155,
  "view/App.view.xml": 1746440199587,
  "test/flpSandbox.html": 1746440199587,
  "css/style.css": 1746440199587,
  "index.html": 1746440199583
}